1_rotated_-20.jpg,земляного родилась
1_rotated_-19.jpg,земляного родилась
1_rotated_-18.jpg,земляного родилась
1_rotated_-17.jpg,земляного родилась
1_rotated_-16.jpg,земляного родилась
1_rotated_-15.jpg,земляного родилась
1_rotated_-14.jpg,земляного родилась
1_rotated_-13.jpg,земляного родилась
1_rotated_-12.jpg,земляного родилась
1_rotated_-11.jpg,земляного родилась
1_rotated_-10.jpg,земляного родилась
1_rotated_-9.jpg,земляного родилась
1_rotated_-8.jpg,земляного родилась
1_rotated_-7.jpg,земляного родилась
1_rotated_-6.jpg,земляного родилась
1_rotated_-5.jpg,земляного родилась
1_rotated_-4.jpg,земляного родилась
1_rotated_-3.jpg,земляного родилась
1_rotated_-2.jpg,земляного родилась
1_rotated_-1.jpg,земляного родилась
1_rotated_0.jpg,земляного родилась
1_rotated_1.jpg,земляного родилась
1_rotated_2.jpg,земляного родилась
1_rotated_3.jpg,земляного родилась
1_rotated_4.jpg,земляного родилась
1_rotated_5.jpg,земляного родилась
1_rotated_6.jpg,земляного родилась
1_rotated_7.jpg,земляного родилась
1_rotated_8.jpg,земляного родилась
1_rotated_9.jpg,земляного родилась
1_rotated_10.jpg,земляного родилась
1_rotated_11.jpg,земляного родилась
1_rotated_12.jpg,земляного родилась
1_rotated_13.jpg,земляного родилась
1_rotated_14.jpg,земляного родилась
1_rotated_15.jpg,земляного родилась
1_rotated_16.jpg,земляного родилась
1_rotated_17.jpg,земляного родилась
1_rotated_18.jpg,земляного родилась
1_rotated_19.jpg,земляного родилась
1_rotated_20.jpg,земляного родилась
2_rotated_-20.jpg,дружбу cloudless
2_rotated_-19.jpg,дружбу cloudless
2_rotated_-18.jpg,дружбу cloudless
2_rotated_-17.jpg,дружбу cloudless
2_rotated_-16.jpg,дружбу cloudless
2_rotated_-15.jpg,дружбу cloudless
2_rotated_-14.jpg,дружбу cloudless
2_rotated_-13.jpg,дружбу cloudless
2_rotated_-12.jpg,дружбу cloudless
2_rotated_-11.jpg,дружбу cloudless
2_rotated_-10.jpg,дружбу cloudless
2_rotated_-9.jpg,дружбу cloudless
2_rotated_-8.jpg,дружбу cloudless
2_rotated_-7.jpg,дружбу cloudless
2_rotated_-6.jpg,дружбу cloudless
2_rotated_-5.jpg,дружбу cloudless
2_rotated_-4.jpg,дружбу cloudless
2_rotated_-3.jpg,дружбу cloudless
2_rotated_-2.jpg,дружбу cloudless
2_rotated_-1.jpg,дружбу cloudless
2_rotated_0.jpg,дружбу cloudless
2_rotated_1.jpg,дружбу cloudless
2_rotated_2.jpg,дружбу cloudless
2_rotated_3.jpg,дружбу cloudless
2_rotated_4.jpg,дружбу cloudless
2_rotated_5.jpg,дружбу cloudless
2_rotated_6.jpg,дружбу cloudless
2_rotated_7.jpg,дружбу cloudless
2_rotated_8.jpg,дружбу cloudless
2_rotated_9.jpg,дружбу cloudless
2_rotated_10.jpg,дружбу cloudless
2_rotated_11.jpg,дружбу cloudless
2_rotated_12.jpg,дружбу cloudless
2_rotated_13.jpg,дружбу cloudless
2_rotated_14.jpg,дружбу cloudless
2_rotated_15.jpg,дружбу cloudless
2_rotated_16.jpg,дружбу cloudless
2_rotated_17.jpg,дружбу cloudless
2_rotated_18.jpg,дружбу cloudless
2_rotated_19.jpg,дружбу cloudless
2_rotated_20.jpg,дружбу cloudless
3_rotated_-20.jpg,застыло безопасно
3_rotated_-19.jpg,застыло безопасно
3_rotated_-18.jpg,застыло безопасно
3_rotated_-17.jpg,застыло безопасно
3_rotated_-16.jpg,застыло безопасно
3_rotated_-15.jpg,застыло безопасно
3_rotated_-14.jpg,застыло безопасно
3_rotated_-13.jpg,застыло безопасно
3_rotated_-12.jpg,застыло безопасно
3_rotated_-11.jpg,застыло безопасно
3_rotated_-10.jpg,застыло безопасно
3_rotated_-9.jpg,застыло безопасно
3_rotated_-8.jpg,застыло безопасно
3_rotated_-7.jpg,застыло безопасно
3_rotated_-6.jpg,застыло безопасно
3_rotated_-5.jpg,застыло безопасно
3_rotated_-4.jpg,застыло безопасно
3_rotated_-3.jpg,застыло безопасно
3_rotated_-2.jpg,застыло безопасно
3_rotated_-1.jpg,застыло безопасно
3_rotated_0.jpg,застыло безопасно
3_rotated_1.jpg,застыло безопасно
3_rotated_2.jpg,застыло безопасно
3_rotated_3.jpg,застыло безопасно
3_rotated_4.jpg,застыло безопасно
3_rotated_5.jpg,застыло безопасно
3_rotated_6.jpg,застыло безопасно
3_rotated_7.jpg,застыло безопасно
3_rotated_8.jpg,застыло безопасно
3_rotated_9.jpg,застыло безопасно
3_rotated_10.jpg,застыло безопасно
3_rotated_11.jpg,застыло безопасно
3_rotated_12.jpg,застыло безопасно
3_rotated_13.jpg,застыло безопасно
3_rotated_14.jpg,застыло безопасно
3_rotated_15.jpg,застыло безопасно
3_rotated_16.jpg,застыло безопасно
3_rotated_17.jpg,застыло безопасно
3_rotated_18.jpg,застыло безопасно
3_rotated_19.jpg,застыло безопасно
3_rotated_20.jpg,застыло безопасно
4_rotated_-20.jpg,величии лишил
4_rotated_-19.jpg,величии лишил
4_rotated_-18.jpg,величии лишил
4_rotated_-17.jpg,величии лишил
4_rotated_-16.jpg,величии лишил
4_rotated_-15.jpg,величии лишил
4_rotated_-14.jpg,величии лишил
4_rotated_-13.jpg,величии лишил
4_rotated_-12.jpg,величии лишил
4_rotated_-11.jpg,величии лишил
4_rotated_-10.jpg,величии лишил
4_rotated_-9.jpg,величии лишил
4_rotated_-8.jpg,величии лишил
4_rotated_-7.jpg,величии лишил
4_rotated_-6.jpg,величии лишил
4_rotated_-5.jpg,величии лишил
4_rotated_-4.jpg,величии лишил
4_rotated_-3.jpg,величии лишил
4_rotated_-2.jpg,величии лишил
4_rotated_-1.jpg,величии лишил
4_rotated_0.jpg,величии лишил
4_rotated_1.jpg,величии лишил
4_rotated_2.jpg,величии лишил
4_rotated_3.jpg,величии лишил
4_rotated_4.jpg,величии лишил
4_rotated_5.jpg,величии лишил
4_rotated_6.jpg,величии лишил
4_rotated_7.jpg,величии лишил
4_rotated_8.jpg,величии лишил
4_rotated_9.jpg,величии лишил
4_rotated_10.jpg,величии лишил
4_rotated_11.jpg,величии лишил
4_rotated_12.jpg,величии лишил
4_rotated_13.jpg,величии лишил
4_rotated_14.jpg,величии лишил
4_rotated_15.jpg,величии лишил
4_rotated_16.jpg,величии лишил
4_rotated_17.jpg,величии лишил
4_rotated_18.jpg,величии лишил
4_rotated_19.jpg,величии лишил
4_rotated_20.jpg,величии лишил
5_rotated_-20.jpg,croaked растаял
5_rotated_-19.jpg,croaked растаял
5_rotated_-18.jpg,croaked растаял
5_rotated_-17.jpg,croaked растаял
5_rotated_-16.jpg,croaked растаял
5_rotated_-15.jpg,croaked растаял
5_rotated_-14.jpg,croaked растаял
5_rotated_-13.jpg,croaked растаял
5_rotated_-12.jpg,croaked растаял
5_rotated_-11.jpg,croaked растаял
5_rotated_-10.jpg,croaked растаял
5_rotated_-9.jpg,croaked растаял
5_rotated_-8.jpg,croaked растаял
5_rotated_-7.jpg,croaked растаял
5_rotated_-6.jpg,croaked растаял
5_rotated_-5.jpg,croaked растаял
5_rotated_-4.jpg,croaked растаял
5_rotated_-3.jpg,croaked растаял
5_rotated_-2.jpg,croaked растаял
5_rotated_-1.jpg,croaked растаял
5_rotated_0.jpg,croaked растаял
5_rotated_1.jpg,croaked растаял
5_rotated_2.jpg,croaked растаял
5_rotated_3.jpg,croaked растаял
5_rotated_4.jpg,croaked растаял
5_rotated_5.jpg,croaked растаял
5_rotated_6.jpg,croaked растаял
5_rotated_7.jpg,croaked растаял
5_rotated_8.jpg,croaked растаял
5_rotated_9.jpg,croaked растаял
5_rotated_10.jpg,croaked растаял
5_rotated_11.jpg,croaked растаял
5_rotated_12.jpg,croaked растаял
5_rotated_13.jpg,croaked растаял
5_rotated_14.jpg,croaked растаял
5_rotated_15.jpg,croaked растаял
5_rotated_16.jpg,croaked растаял
5_rotated_17.jpg,croaked растаял
5_rotated_18.jpg,croaked растаял
5_rotated_19.jpg,croaked растаял
5_rotated_20.jpg,croaked растаял
6_rotated_-20.jpg,Вот он ваш знак
6_rotated_-19.jpg,Вот он ваш знак
6_rotated_-18.jpg,Вот он ваш знак
6_rotated_-17.jpg,Вот он ваш знак
6_rotated_-16.jpg,Вот он ваш знак
6_rotated_-15.jpg,Вот он ваш знак
6_rotated_-14.jpg,Вот он ваш знак
6_rotated_-13.jpg,Вот он ваш знак
6_rotated_-12.jpg,Вот он ваш знак
6_rotated_-11.jpg,Вот он ваш знак
6_rotated_-10.jpg,Вот он ваш знак
6_rotated_-9.jpg,Вот он ваш знак
6_rotated_-8.jpg,Вот он ваш знак
6_rotated_-7.jpg,Вот он ваш знак
6_rotated_-6.jpg,Вот он ваш знак
6_rotated_-5.jpg,Вот он ваш знак
6_rotated_-4.jpg,Вот он ваш знак
6_rotated_-3.jpg,Вот он ваш знак
6_rotated_-2.jpg,Вот он ваш знак
6_rotated_-1.jpg,Вот он ваш знак
6_rotated_0.jpg,Вот он ваш знак
6_rotated_1.jpg,Вот он ваш знак
6_rotated_2.jpg,Вот он ваш знак
6_rotated_3.jpg,Вот он ваш знак
6_rotated_4.jpg,Вот он ваш знак
6_rotated_5.jpg,Вот он ваш знак
6_rotated_6.jpg,Вот он ваш знак
6_rotated_7.jpg,Вот он ваш знак
6_rotated_8.jpg,Вот он ваш знак
6_rotated_9.jpg,Вот он ваш знак
6_rotated_10.jpg,Вот он ваш знак
6_rotated_11.jpg,Вот он ваш знак
6_rotated_12.jpg,Вот он ваш знак
6_rotated_13.jpg,Вот он ваш знак
6_rotated_14.jpg,Вот он ваш знак
6_rotated_15.jpg,Вот он ваш знак
6_rotated_16.jpg,Вот он ваш знак
6_rotated_17.jpg,Вот он ваш знак
6_rotated_18.jpg,Вот он ваш знак
6_rotated_19.jpg,Вот он ваш знак
6_rotated_20.jpg,Вот он ваш знак
7_rotated_-20.jpg,величии лишил
7_rotated_-19.jpg,величии лишил
7_rotated_-18.jpg,величии лишил
7_rotated_-17.jpg,величии лишил
7_rotated_-16.jpg,величии лишил
7_rotated_-15.jpg,величии лишил
7_rotated_-14.jpg,величии лишил
7_rotated_-13.jpg,величии лишил
7_rotated_-12.jpg,величии лишил
7_rotated_-11.jpg,величии лишил
7_rotated_-10.jpg,величии лишил
7_rotated_-9.jpg,величии лишил
7_rotated_-8.jpg,величии лишил
7_rotated_-7.jpg,величии лишил
7_rotated_-6.jpg,величии лишил
7_rotated_-5.jpg,величии лишил
7_rotated_-4.jpg,величии лишил
7_rotated_-3.jpg,величии лишил
7_rotated_-2.jpg,величии лишил
7_rotated_-1.jpg,величии лишил
7_rotated_0.jpg,величии лишил
7_rotated_1.jpg,величии лишил
7_rotated_2.jpg,величии лишил
7_rotated_3.jpg,величии лишил
7_rotated_4.jpg,величии лишил
7_rotated_5.jpg,величии лишил
7_rotated_6.jpg,величии лишил
7_rotated_7.jpg,величии лишил
7_rotated_8.jpg,величии лишил
7_rotated_9.jpg,величии лишил
7_rotated_10.jpg,величии лишил
7_rotated_11.jpg,величии лишил
7_rotated_12.jpg,величии лишил
7_rotated_13.jpg,величии лишил
7_rotated_14.jpg,величии лишил
7_rotated_15.jpg,величии лишил
7_rotated_16.jpg,величии лишил
7_rotated_17.jpg,величии лишил
7_rotated_18.jpg,величии лишил
7_rotated_19.jpg,величии лишил
7_rotated_20.jpg,величии лишил
8_rotated_-20.jpg,серьги корону
8_rotated_-19.jpg,серьги корону
8_rotated_-18.jpg,серьги корону
8_rotated_-17.jpg,серьги корону
8_rotated_-16.jpg,серьги корону
8_rotated_-15.jpg,серьги корону
8_rotated_-14.jpg,серьги корону
8_rotated_-13.jpg,серьги корону
8_rotated_-12.jpg,серьги корону
8_rotated_-11.jpg,серьги корону
8_rotated_-10.jpg,серьги корону
8_rotated_-9.jpg,серьги корону
8_rotated_-8.jpg,серьги корону
8_rotated_-7.jpg,серьги корону
8_rotated_-6.jpg,серьги корону
8_rotated_-5.jpg,серьги корону
8_rotated_-4.jpg,серьги корону
8_rotated_-3.jpg,серьги корону
8_rotated_-2.jpg,серьги корону
8_rotated_-1.jpg,серьги корону
8_rotated_0.jpg,серьги корону
8_rotated_1.jpg,серьги корону
8_rotated_2.jpg,серьги корону
8_rotated_3.jpg,серьги корону
8_rotated_4.jpg,серьги корону
8_rotated_5.jpg,серьги корону
8_rotated_6.jpg,серьги корону
8_rotated_7.jpg,серьги корону
8_rotated_8.jpg,серьги корону
8_rotated_9.jpg,серьги корону
8_rotated_10.jpg,серьги корону
8_rotated_11.jpg,серьги корону
8_rotated_12.jpg,серьги корону
8_rotated_13.jpg,серьги корону
8_rotated_14.jpg,серьги корону
8_rotated_15.jpg,серьги корону
8_rotated_16.jpg,серьги корону
8_rotated_17.jpg,серьги корону
8_rotated_18.jpg,серьги корону
8_rotated_19.jpg,серьги корону
8_rotated_20.jpg,серьги корону
9_rotated_-20.jpg,гидов лавки
9_rotated_-19.jpg,гидов лавки
9_rotated_-18.jpg,гидов лавки
9_rotated_-17.jpg,гидов лавки
9_rotated_-16.jpg,гидов лавки
9_rotated_-15.jpg,гидов лавки
9_rotated_-14.jpg,гидов лавки
9_rotated_-13.jpg,гидов лавки
9_rotated_-12.jpg,гидов лавки
9_rotated_-11.jpg,гидов лавки
9_rotated_-10.jpg,гидов лавки
9_rotated_-9.jpg,гидов лавки
9_rotated_-8.jpg,гидов лавки
9_rotated_-7.jpg,гидов лавки
9_rotated_-6.jpg,гидов лавки
9_rotated_-5.jpg,гидов лавки
9_rotated_-4.jpg,гидов лавки
9_rotated_-3.jpg,гидов лавки
9_rotated_-2.jpg,гидов лавки
9_rotated_-1.jpg,гидов лавки
9_rotated_0.jpg,гидов лавки
9_rotated_1.jpg,гидов лавки
9_rotated_2.jpg,гидов лавки
9_rotated_3.jpg,гидов лавки
9_rotated_4.jpg,гидов лавки
9_rotated_5.jpg,гидов лавки
9_rotated_6.jpg,гидов лавки
9_rotated_7.jpg,гидов лавки
9_rotated_8.jpg,гидов лавки
9_rotated_9.jpg,гидов лавки
9_rotated_10.jpg,гидов лавки
9_rotated_11.jpg,гидов лавки
9_rotated_12.jpg,гидов лавки
9_rotated_13.jpg,гидов лавки
9_rotated_14.jpg,гидов лавки
9_rotated_15.jpg,гидов лавки
9_rotated_16.jpg,гидов лавки
9_rotated_17.jpg,гидов лавки
9_rotated_18.jpg,гидов лавки
9_rotated_19.jpg,гидов лавки
9_rotated_20.jpg,гидов лавки
10_rotated_-20.jpg,охотно нанял
10_rotated_-19.jpg,охотно нанял
10_rotated_-18.jpg,охотно нанял
10_rotated_-17.jpg,охотно нанял
10_rotated_-16.jpg,охотно нанял
10_rotated_-15.jpg,охотно нанял
10_rotated_-14.jpg,охотно нанял
10_rotated_-13.jpg,охотно нанял
10_rotated_-12.jpg,охотно нанял
10_rotated_-11.jpg,охотно нанял
10_rotated_-10.jpg,охотно нанял
10_rotated_-9.jpg,охотно нанял
10_rotated_-8.jpg,охотно нанял
10_rotated_-7.jpg,охотно нанял
10_rotated_-6.jpg,охотно нанял
10_rotated_-5.jpg,охотно нанял
10_rotated_-4.jpg,охотно нанял
10_rotated_-3.jpg,охотно нанял
10_rotated_-2.jpg,охотно нанял
10_rotated_-1.jpg,охотно нанял
10_rotated_0.jpg,охотно нанял
10_rotated_1.jpg,охотно нанял
10_rotated_2.jpg,охотно нанял
10_rotated_3.jpg,охотно нанял
10_rotated_4.jpg,охотно нанял
10_rotated_5.jpg,охотно нанял
10_rotated_6.jpg,охотно нанял
10_rotated_7.jpg,охотно нанял
10_rotated_8.jpg,охотно нанял
10_rotated_9.jpg,охотно нанял
10_rotated_10.jpg,охотно нанял
10_rotated_11.jpg,охотно нанял
10_rotated_12.jpg,охотно нанял
10_rotated_13.jpg,охотно нанял
10_rotated_14.jpg,охотно нанял
10_rotated_15.jpg,охотно нанял
10_rotated_16.jpg,охотно нанял
10_rotated_17.jpg,охотно нанял
10_rotated_18.jpg,охотно нанял
10_rotated_19.jpg,охотно нанял
10_rotated_20.jpg,охотно нанял
11_rotated_-20.jpg,croaked растаял
11_rotated_-19.jpg,croaked растаял
11_rotated_-18.jpg,croaked растаял
11_rotated_-17.jpg,croaked растаял
11_rotated_-16.jpg,croaked растаял
11_rotated_-15.jpg,croaked растаял
11_rotated_-14.jpg,croaked растаял
11_rotated_-13.jpg,croaked растаял
11_rotated_-12.jpg,croaked растаял
11_rotated_-11.jpg,croaked растаял
11_rotated_-10.jpg,croaked растаял
11_rotated_-9.jpg,croaked растаял
11_rotated_-8.jpg,croaked растаял
11_rotated_-7.jpg,croaked растаял
11_rotated_-6.jpg,croaked растаял
11_rotated_-5.jpg,croaked растаял
11_rotated_-4.jpg,croaked растаял
11_rotated_-3.jpg,croaked растаял
11_rotated_-2.jpg,croaked растаял
11_rotated_-1.jpg,croaked растаял
11_rotated_0.jpg,croaked растаял
11_rotated_1.jpg,croaked растаял
11_rotated_2.jpg,croaked растаял
11_rotated_3.jpg,croaked растаял
11_rotated_4.jpg,croaked растаял
11_rotated_5.jpg,croaked растаял
11_rotated_6.jpg,croaked растаял
11_rotated_7.jpg,croaked растаял
11_rotated_8.jpg,croaked растаял
11_rotated_9.jpg,croaked растаял
11_rotated_10.jpg,croaked растаял
11_rotated_11.jpg,croaked растаял
11_rotated_12.jpg,croaked растаял
11_rotated_13.jpg,croaked растаял
11_rotated_14.jpg,croaked растаял
11_rotated_15.jpg,croaked растаял
11_rotated_16.jpg,croaked растаял
11_rotated_17.jpg,croaked растаял
11_rotated_18.jpg,croaked растаял
11_rotated_19.jpg,croaked растаял
11_rotated_20.jpg,croaked растаял